Episode,Generation,Hider Reward,Seeker Reward,Hiders Captured,Survival Time (seconds),Objects Count,Objects Present
1,1,4.2,-2.8,0,38,3,"Wall, Box, Cover"
2,1,2.7,-1.6,1,42,4,"Wall, Box, Ramp, Cover"
3,1,5.1,-3.2,0,47,5,"Wall, Wall, Box, Ramp, Cover"
4,1,-1.8,2.4,2,29,2,"Wall, Box"
5,1,3.6,-2.1,1,51,4,"Wall, Box, Ramp, Cover"
6,2,4.8,-2.9,0,55,5,"Wall, Wall, Box, Ramp, Cover"
7,2,5.7,-3.5,0,61,6,"Wall, Wall, Box, Box, Ramp, Cover"
8,2,1.9,-0.7,1,48,4,"Wall, Box, Ramp, Cover"
9,2,6.3,-3.8,0,67,6,"Wall, Wall, Box, Ramp, Gate, Cover"
10,2,4.5,-2.4,1,58,5,"Wall, Box, Box, Ramp, Cover"
11,3,6.8,-4.1,0,73,7,"Wall, Wall, Box, Box, Ramp, Gate, Cover"
12,3,7.2,-4.5,0,79,7,"Wall, Wall, Box, Ramp, Gate, Cover, Cover"
13,3,5.9,-3.2,1,69,6,"Wall, Wall, Box, Ramp, Gate, Cover"
14,3,7.6,-4.8,0,84,8,"Wall, Wall, Box, Box, Ramp, Gate, Cover, Cover"
15,3,6.4,-3.9,0,76,7,"Wall, Box, Box, Ramp, Gate, Cover, Cover"
16,4,8.1,-5.2,0,91,8,"Wall, Wall, Box, Box, Ramp, Gate, Cover, Cover"
17,4,8.5,-5.6,0,97,9,"Wall, Wall, Wall, Box, Box, Ramp, Gate, Cover, Cover"
18,4,7.3,-4.2,1,88,8,"Wall, Wall, Box, Box, Ramp, Gate, Cover, Cover"
19,4,8.9,-5.9,0,103,9,"Wall, Wall, Wall, Box, Box, Ramp, Gate, Cover, Cover"
20,4,8.2,-5.1,0,99,9,"Wall, Wall, Box, Box, Ramp, Gate, Cover, Cover"
